Starid,ProperName,X,Y,Z
3759,96 G. Psc,7.26388,1.55643,0.68697
70667,Proxima Centauri,-0.47175,-0.36132,-1.15037
71454,Rigel Kentaurus B,-0.50359,-0.42128,-1.1767
71457,Rigel Kentaurus A,-0.50362,-0.42139,-1.17665